title,year,age,rotten_tomatoes
The Irishman,2019,18+,98
Dangal,2016,7+,97
David Attenborough: A Life on Our Planet,2020,7+,95
Roma,2018,18+,94
To All the Boys I've Loved Before,2018,13+,94
The Social Dilemma,2020,13+,93
Okja,2017,13+,92
The Ballad of Buster Scruggs,2018,16+,92
The Trial of the Chicago 7,2020,18+,92
Article 15,2019,18+,92
"Jim & Andy: The Great Beyond- Featuring a Very Special, Contractually Obligated Mention of Tony Clifton",2017,18+,92
Dolemite Is My Name,2019,18+,92
Mudbound,2017,18+,91
Fyre,2019,18+,91
Miss Americana,2020,18+,90
Talvar,2015,7+,90
The King,2019,18+,90
John Mulaney: Kid Gorgeous at Radio City,2018,18+,89
I Am Mother,2019,13+,89
Tell Me Who I Am,2019,18+,89
Winter on Fire: Ukraine's Fight for Freedom,2015,16+,89
I Lost My Body,2019,18+,89
The Half of It,2020,13+,89
The Boy Who Harnessed the Wind,2019,7+,89
The Devil All the Time,2020,18+,89
The Fundamentals of Caring,2016,18+,89
Pieces of a Woman,2020,18+,88
Gerald's Game,2017,18+,88
Always Be My Maybe,2019,13+,88
Bill Burr: Paper Tiger,2019,18+,87
Kiss the Ground,2020,18+,87
Crip Camp: A Disability Revolution,2020,18+,87
Extraction,2020,18+,87
His House,2020,16+,87
Super Deluxe,2019,18+,87
The Guernsey Literary & Potato Peel Pie Society,2018,16+,87
A Secret Love,2020,18+,87
The Night Comes for Us,2018,18+,87
Pad Man,2018,13+,87
American Factory,2019,13+,86
Bird Box,2018,18+,86
A Shaun the Sheep Movie: Farmageddon,2019,all,86
What Happened to Monday,2017,18+,86
Anthony Jeselnik: Thoughts and Prayers,2015,18+,86
The White Helmets,2016,16+,86
Invader ZIM: Enter the Florpus,2019,7+,86
Happy as Lazzaro,2018,13+,85
Team Foxcatcher,2016,16+,85
The Meyerowitz Stories (New and Selected),2017,18+,85
The Hateful Eight,2015,18+,85
Eurovision Song Contest: The Story of Fire Saga,2020,13+,84
Kapoor & Sons,2016,13+,84
The Perfection,2018,18+,84
Dave Chappelle: Sticks & Stones,2019,18+,84
The Christmas Chronicles,2018,7+,84
Ma Rainey's Black Bottom,2020,18+,84
Calibre,2018,18+,84
Over the Moon,2020,7+,84
1922,2017,18+,84
Paddleton,2019,18+,84
The Ritual,2017,18+,83
The Hater,2020,18+,83
The Edge of Democracy,2019,16+,83
22-Jul,2018,18+,83
Adam Sandler: 100% Fresh,2018,18+,83
A Twelve-Year Night,2018,18+,83
Dumplin',2018,13+,83
Marriage Story,2019,18+,83
My Octopus Teacher,2020,all,83
Hey Arnold! The Jungle Movie,2017,7+,83
The Invisible Guest,2016,18+,83
The Life Ahead,2020,13+,82
The Resistance Banker,2018,18+,82
Dear Ex,2018,18+,82
Braven,2018,18+,82
Captain Fantastic,2016,18+,82
Veronica,2017,18+,81
Ricky Gervais: Humanity,2018,18+,81
A Whisker Away,2020,7+,81
Lady Bird,2017,18+,81
The Conjuring 2,2016,18+,81
They'll Love Me When I'm Dead,2018,18+,81
Nocturnal Animals,2016,18+,81
Get Me Roger Stone,2017,16+,81
Udta Punjab,2016,18+,80
Maktub,2017,7+,80
Ittefaq,2017,7+,80
Hannah Gadsby: Nanette,2018,18+,80
Ali Wong: Hard Knock Wife,2018,18+,80
Uncut Gems,2019,18+,80
The Kindergarten Teacher,2018,18+,80
Next Gen,2018,7+,80
Tom Segura: Disgraceful,2018,13+,80
Badla,2019,7+,80
Okko's Inn,2018,7+,80
The Willoughbys,2020,7+,80
Hunt for the Wilderpeople,2016,13+,80
Wheelman,2017,18+,79
On My Skin,2018,18+,79
Gaga: Five Foot Two,2017,18+,79
War Dogs,2016,18+,79
The Dirt,2019,18+,79
Atlantics,2019,13+,79
El Camino: A Breaking Bad Movie,2019,18+,79
Quincy,2018,18+,79
Get In,2019,18+,79
Jerry Before Seinfeld,2017,16+,79
A Silent Voice: The Movie,2016,13+,78
Klaus,2019,7+,78
Snowden,2016,18+,78
"Nick Kroll & John Mulaney: Oh, Hello on Broadway",2017,18+,78
The Founder,2017,13+,78
The Old Guard,2020,18+,78
Before I Wake,2016,13+,78
The Disaster Artist,2017,18+,78
The Florida Project,2017,18+,77
Behind the Curve,2018,16+,77
Errementari: The Blacksmith and the Devil,2018,18+,77
Steve Martin and Martin Short: An Evening You Will Forget for the Rest of Your Life,2018,16+,77
Enola Holmes,2020,13+,77
PK,2015,13+,77
Good Time,2017,18+,77
Miracle in Cell No. 7,2019,16+,77
In the Shadow of the Moon,2019,18+,77
John Leguizamo's Latin History for Morons,2018,7+,76
And Breathe Normally,2018,16+,76
The Killing of a Sacred Deer,2017,18+,76
Bright,2017,18+,76
Murder Mystery,2019,13+,76
The Photographer of Mauthausen,2018,18+,76
Flavors of Youth,2018,13+,76
13th,2016,18+,76
Ravenous,2017,18+,76
The Two Popes,2019,13+,76
The Wandering Earth,2019,13+,76
Eye for an Eye,2019,18+,76
Steve Jobs,2015,18+,76
White Fang,2018,7+,76
A Monster Calls,2016,13+,76
Miss Sloane,2016,18+,76
6 Underground,2019,18+,75
Uncorked,2020,13+,75
"Bikram: Yogi, Guru, Predator",2019,18+,75
A Futile and Stupid Gesture,2018,18+,75
Legend,2015,18+,75
When We First Met,2018,16+,75
Black Mirror: Bandersnatch,2018,18+,75
Joshua: Teenager vs. Superpower,2017,16+,75
Shot Caller,2017,18+,75
Angel Has Fallen,2019,18+,75
Crimson Peak,2015,18+,75
The Red Sea Diving Resort,2019,18+,75
The Angel,2018,18+,75
Icarus,2017,18+,75
Collateral Beauty,2016,13+,75
The Danish Girl,2015,18+,75
A Fortunate Man,2018,16+,75
The Death of Stalin,2017,18+,75
Sanju,2018,18+,74
Nappily Ever After,2018,18+,74
Home,2015,7+,74
Seeing Allred,2018,16+,74
A Ghost Story,2017,18+,74
Game Over,2019,13+,74
Peppermint,2018,18+,74
Have a Good Trip: Adventures in Psychedelics,2020,18+,74
Beasts of No Nation,2015,18+,74
Extinction,2018,18+,74
Nobody Knows I'm Here,2020,18+,74
ARQ,2016,18+,74
Ali's Wedding,2017,18+,74
Bo Burnham: Make Happy,2016,18+,74
Mank,2020,18+,74
"Extremely Wicked, Shockingly Evil and Vile",2019,18+,74
Between Two Ferns: The Movie,2019,18+,74
Mirage,2018,18+,74
The Kissing Booth,2018,16+,73
Hush,2016,18+,73
Lost Bullet,2020,18+,73
Soni,2019,18+,73
Bāhubali: The Beginning,2015,13+,73
Raees,2017,18+,73
Let It Snow,2019,13+,73
Hardcore Henry,2015,18+,73
Tig Notaro: Happy To Be Here,2018,16+,73
Spelling the Dream,2020,all,73
Knock Down the House,2019,7+,73
Polar,2019,18+,73
Saving Capitalism,2017,7+,73
Spenser Confidential,2020,18+,73
Self/less,2015,13+,73
The Highwaymen,2019,18+,73
Pee-wee's Big Holiday,2016,7+,73
"Michael Bolton's Big, Sexy Valentine's Day Special",2017,18+,73
I Am Not Your Negro,2017,18+,73
Midnight Special,2016,13+,73
No Escape,2015,18+,73
Fractured,2019,18+,73
The Discovery,2017,18+,72
Voyeur,2017,18+,72
It Comes at Night,2017,18+,72
The BFG,2016,7+,72
Sunday's Illness,2018,13+,72
Win It All,2017,18+,72
Mile 22,2018,18+,72
The Perfect Date,2019,16+,72
American Assassin,2017,18+,72
Free State of Jones,2016,18+,72
Bāhubali 2: The Conclusion,2017,7+,72
Outlaw King,2018,18+,72
Drishyam,2015,18+,72
Triple Frontier,2019,18+,72
"Hail, Caesar!",2016,13+,72
Freaks,2019,18+,72
Horse Girl,2020,18+,72
A Christmas Prince,2017,7+,72
Hillbilly Elegy,2020,18+,72
American Ultra,2015,18+,72
First Match,2018,18+,72
The Dawn Wall,2017,16+,72
I'm Thinking of Ending Things,2020,18+,71
Jagga Jasoos,2017,7+,71
Seoul Searching,2015,18+,71
Before I Fall,2017,13+,71
The Babysitter,2017,18+,71
After,2019,13+,71
Velvet Buzzsaw,2019,18+,71
Jupiter Ascending,2015,13+,71
Spectral,2016,13+,71
"Live Twice, Love Once",2019,18+,71
Iliza Shlesinger: Elder Millennial,2018,18+,71
Free Fire,2017,18+,71
Soorma,2018,13+,71
The Zookeeper's Wife,2017,13+,71
Time Share,2018,18+,71
The Outpost,2019,18+,71
Homecoming: A Film by Beyoncé,2019,13+,71
Jerry Seinfeld: 23 Hours to Kill,2020,7+,71
Ip Man 4: The Finale,2019,16+,71
The Laundromat,2019,18+,71
Bad Trip,2020,18+,71
Ip Man 3,2015,13+,71
The Midnight Sky,2020,13+,71
Mr. Right,2016,18+,71
Synchronic,2020,18+,71
Adrift,2018,13+,70
Da 5 Bloods,2020,18+,70
The Best of Enemies,2019,13+,70
Forgotten,2017,18+,70
I Don't Feel at Home in This World Anymore,2017,18+,70
"Faith, Hope & Love",2019,7+,70
May the Devil Take You,2018,18+,70
Ava,2020,18+,70
Brain on Fire,2017,13+,70
The Wrong Missy,2020,18+,70
Pari,2018,13+,70
The Beguiled,2017,18+,70
Batman: The Killing Joke,2016,18+,70
Pokémon the Movie: The Power of Us,2018,all,70
Ballerina,2016,7+,70
Hasan Minhaj: Homecoming King,2017,18+,70
An Easy Girl,2019,18+,70
The Book of Henry,2017,13+,70
The Clovehitch Killer,2018,13+,70
Loving,2016,13+,70
Triple 9,2016,18+,70
Lady J,2018,16+,69
"Frankenstein's Monster's Monster, Frankenstein",2019,16+,69
The Cloverfield Paradox,2018,13+,69
Disclosure,2020,18+,69
Set It Up,2018,16+,69
Project Power,2020,18+,69
High Strung Free Dance,2018,7+,69
6 Balloons,2018,18+,69
Amanda Knox,2016,18+,69
At Eternity's Gate,2018,13+,69
Anon,2018,18+,69
To the Bone,2017,18+,69
Mowgli: Legend of the Jungle,2018,13+,69
Mother's Day,2016,13+,69
Death to 2020,2020,18+,69
Operation Finale,2018,13+,69
Suffragette,2015,13+,69
Wildlife,2018,13+,69
War Machine,2017,18+,69
If Anything Happens I Love You,2020,7+,69
Nobody Speak: Trials of the Free Press,2017,16+,69
Sand Castle,2017,18+,69
The Forest of Love,2019,18+,69
Under the Shadow,2016,13+,68
Rocks,2020,18+,68
Giving Voice,2020,13+,68
Like Father,2018,18+,68
Aval,2017,13+,68
The Promise,2016,13+,68
Prospect,2018,18+,68
Bad Genius,2017,13+,68
Burning Sands,2017,18+,68
Ludo,2020,13+,68
Rolling Thunder Revue: A Bob Dylan Story by Martin Scorsese,2019,18+,68
Dovlatov,2018,13+,68
American Murder: The Family Next Door,2020,18+,68
John Mulaney: The Comeback Kid,2015,7+,68
Apostle,2018,18+,68
After We Collided,2020,18+,68
To All the Boys: P.S. I Still Love You,2020,16+,68
Someone Great,2019,18+,68
Time Trap,2017,18+,68
In This Corner of the World,2016,13+,68
C/o Kancharapalem,2018,7+,68
The Package,2018,18+,67
Tau,2018,18+,67
All the Bright Places,2020,18+,67
Sleepless,2017,18+,67
Struggle: The Life and Lost Art of Szukalski,2018,18+,67
18 Presents,2020,18+,67
Private Life,2018,18+,67
Home Again,2017,13+,67
Athlete A,2020,13+,67
Bastille Day,2016,18+,67
The Whole Truth,2016,18+,67
Ibiza,2018,18+,67
Kingsglaive: Final Fantasy XV,2016,13+,67
Mirai,2018,7+,67
A Private War,2018,18+,67
The Angry Birds Movie 2,2019,7+,67
Small Town Crime,2018,18+,67
First They Killed My Father,2017,18+,67
Rising Phoenix,2020,13+,67
The Wolf's Call,2019,16+,67
Seventh Son,2015,13+,67
The Occupant,2020,18+,67
The Body Remembers When the World Broke Open,2019,18+,67
Berlin Syndrome,2017,18+,67
Kodachrome,2017,18+,67
Creep 2,2017,18+,67
"Roxanne, Roxanne",2017,18+,66
Dear Zindagi,2016,13+,66
Ophelia,2019,13+,66
Girl,2018,18+,66
Irreplaceable You,2018,18+,66
The Do-Over,2016,18+,66
Handsome Devil,2017,18+,66
Unfriended,2015,18+,66
The Bleeding Edge,2018,16+,66
Kevin Hart: Irresponsible,2019,18+,66
In the Tall Grass,2019,18+,66
The Lovebirds,2020,18+,66
Sergio,2020,18+,66
Kursk,2018,13+,66
Then Came You,2019,13+,66
Gantz:O,2016,18+,66
Jenny Slate: Stage Fright,2019,18+,66
Taylor Swift: Reputation Stadium Tour,2018,7+,66
Red Joan,2018,18+,66
Amateur,2018,18+,66
Mindhorn,2016,18+,66
Katt Williams: Great America,2018,18+,66
High Flying Bird,2019,18+,66
A Very Murray Christmas,2015,18+,66
The Silence,2019,13+,65
Abducted in Plain Sight,2018,all,65
Winchester,2018,13+,65
Our Souls at Night,2017,16+,65
Christine,2016,18+,65
The Lonely Island Presents: The Unauthorized Bash Brothers Experience,2019,18+,65
WHAT DID JACK DO?,2017,16+,65
Deidra & Laney Rob a Train,2017,16+,65
Close,2019,18+,65
The Prom,2020,13+,65
Greater,2016,7+,65
Beats,2019,18+,65
Lost Girls,2020,18+,65
A Little Chaos,2015,18+,65
Two Distant Strangers,2020,18+,65
Bert Kreischer: Secret Time,2018,18+,65
"Yes, God, Yes",2019,18+,65
Shepherds and Butchers,2017,18+,65
Gunjan Saxena: The Kargil Girl,2020,16+,65
The Invisible Guardian,2017,16+,65
Cop Car,2015,18+,65
Last Breath,2019,18+,65
Otherhood,2019,18+,65
The Green Inferno,2015,18+,64
Fantastic Fungi,2019,16+,64
He Never Died,2015,18+,64
Alex Strangelove,2018,18+,64
Pihu,2018,all,64
The Christmas Chronicles: Part Two,2020,7+,64
Sinister 2,2015,18+,64
Black '47,2018,18+,64
Mute,2018,18+,64
"Crouching Tiger, Hidden Dragon: Sword of Destiny",2016,13+,64
The Ottoman Lieutenant,2017,18+,64
Teefa in Trouble,2018,13+,64
Sierra Burgess Is a Loser,2018,13+,64
Cam,2018,18+,64
The Boys in the Band,2020,18+,64
The Tree of Blood,2018,18+,64
Come Sunday,2018,16+,64
The Forty-Year-Old Version,2020,18+,64
Eli,2019,18+,64
Dick Johnson Is Dead,2020,13+,64
No Game No Life: Zero,2017,18+,64
Taylor Tomlinson: Quarter-Life Crisis,2020,16+,64
All Day and a Night,2020,18+,64
Ali Wong: Baby Cobra,2016,18+,64
The Happytime Murders,2018,18+,64
The Strangers: Prey at Night,2018,18+,64
Rust Creek,2019,18+,64
Fisherman’s Friends,2019,13+,64
Tamasha,2015,7+,64
The Meddler,2016,13+,64
The Rachel Divide,2018,18+,64
Lying and Stealing,2019,18+,64
Jingle Jangle: A Christmas Journey,2020,7+,63
In a Valley of Violence,2016,18+,63
The Motive,2017,18+,63
Lust Stories,2018,13+,63
Beyond Skyline,2017,18+,63
Holiday in the Wild,2019,7+,63
Long Shot,2017,16+,63
Judd Apatow: The Return,2017,16+,63
Aziz Ansari: Live at Madison Square Garden,2015,18+,63
Sleight,2016,18+,63
The Hummingbird Project,2019,18+,63
"Game Over, Man!",2018,18+,63
A Christmas Prince: The Royal Wedding,2018,7+,63
Mary Magdalene,2018,18+,63
BLACKPINK: Light Up the Sky,2020,all,63
The Titan,2018,18+,63
Heneral Luna,2015,18+,63
Master Z: Ip Man Legacy,2019,13+,63
Hubie Halloween,2020,13+,63
Bulbbul,2020,18+,63
Furie,2019,18+,63
Orbiter 9,2017,16+,63
Everybody's Everything,2019,18+,63
Ratchet & Clank,2016,7+,63
Rim of the World,2019,7+,63
The Princess Switch,2018,7+,63
Pyaar Ka Punchnama 2,2015,13+,63
Violet Evergarden: Eternity and the Auto Memory Doll,2019,7+,63
Mucize,2015,18+,63
Three,2016,13+,62
The Wind,2019,18+,62
Feel the Beat,2020,all,62
Silver Skates,2020,18+,62
Elizabeth Harvest,2018,18+,62
Choked: Paisa Bolta Hai,2020,16+,62
Blame!,2017,13+,62
Ala Vaikunthapurramuloo,2020,13+,62
The Operative,2019,18+,62
Little Evil,2017,18+,62
Hannah Gadsby: Douglas,2020,18+,62
Operation Christmas Drop,2020,all,62
Pokémon the Movie: I Choose You!,2017,7+,62
Sweetheart,2019,13+,62
Delirium,2018,18+,62
Triple Threat,2019,18+,62
Kevin Hart: What Now?,2016,18+,62
Goon: Last of the Enforcers,2017,18+,62
The Paramedic,2020,18+,62
Sandy Wexler,2017,16+,62
Nothing to Hide,2018,18+,62
Isi & Ossi,2020,18+,62
The Ridiculous 6,2015,13+,62
Sword of Trust,2019,18+,62
Bad Seeds,2018,18+,62
Wildling,2018,18+,62
2 Hearts,2020,13+,62
The Night Clerk,2020,18+,62
Work It,2020,16+,62
Toc Toc,2017,7+,62
The Three Deaths of Marisela Escobedo,2020,18+,62
Message from the King,2016,18+,62
Falling Inn Love,2019,7+,62
Demonic,2015,18+,61
Wine Country,2019,18+,61
The Last Summer,2019,16+,61
Seth Meyers: Lobby Baby,2019,18+,61
Audrey,2020,16+,61
I'm No Longer Here,2019,18+,61
The Other Side of the Wind,2018,18+,61
Modest Heroes,2018,7+,61
Bennett's War,2019,13+,61
Welcome Home,2018,18+,61
1BR,2020,16+,61
The Last Blockbuster,2020,16+,61
Acts of Vengeance,2017,18+,61
Calm with Horses,2020,18+,61
Giant,2017,13+,61
Chris Rock: Tamborine,2018,18+,61
Shimmer Lake,2017,18+,61
Altered Carbon: Resleeved,2020,18+,61
Studio 54,2018,18+,61
Incarnate,2016,13+,61
Steel Rain,2017,18+,61
Hell Fest,2018,18+,61
Wasp Network,2020,18+,61
True Memoirs of an International Assassin,2016,16+,61
Animal World,2018,18+,61
Tom Segura: Ball Hog,2020,18+,61
Earthquake Bird,2019,18+,61
How It Ends,2018,18+,60
Love per Square Foot,2018,16+,60
We the Animals,2018,18+,60
Gabbar Is Back,2015,13+,60
Pete Davidson: Alive from New York,2020,18+,60
A Fall from Grace,2020,18+,60
The Legacy of the Bones,2019,18+,60
Luka Chuppi,2019,7+,60
Polaroid,2019,13+,60
Unbreakable Kimmy Schmidt: Kimmy vs. the Reverend,2020,13+,60
This Changes Everything,2019,7+,60
Rebecca,2020,13+,60
Jim Jefferies: Freedumb,2016,18+,60
Secrets of the Saqqara Tomb,2020,7+,60
Yucatán,2018,7+,60
AK vs AK,2020,18+,60
Rogue City,2020,13+,60
Dragon Quest: Your Story,2019,7+,60
Full Out,2015,7+,60
Echo in the Canyon,2019,13+,60
The Wedding Guest,2019,18+,60
Malevolent,2018,18+,60
The Coldest Game,2019,18+,60
La tribu,2018,18+,60
The Knight Before Christmas,2019,7+,60
Seventeen,2019,18+,60
Judah Friedlander: America Is the Greatest Country in the United States,2017,18+,60
Into the Grizzly Maze,2015,18+,60
The Vanished,2020,18+,60
Dangerous Lies,2020,16+,60
Blaze,2018,18+,60
The Week Of,2018,13+,60
Tom Segura: Mostly Stories,2016,18+,60
Untamed Romania,2018,7+,60
What Keeps You Alive,2018,18+,60
Ghosts of War,2020,18+,60
Inside Man: Most Wanted,2019,18+,60
Illang: The Wolf Brigade,2018,18+,60
Night in Paradise,2020,16+,60
The Ballad of Lefty Brown,2017,18+,60
Trevor Noah: Son of Patricia,2018,18+,60
Nobody Sleeps in the Woods Tonight,2020,18+,59
IO,2019,13+,59
My Little Pony: Best Gift Ever,2018,7+,59
Casting JonBenet,2017,16+,59
Term Life,2016,18+,59
El Camino Christmas,2017,18+,59
Stephanie,2017,18+,59
Benji,2018,7+,59
3 Generations,2016,13+,59
Hampstead,2017,13+,59
Burn Out,2018,18+,59
U Turn,2016,18+,59
Extremis,2016,7+,59
Wazir,2016,13+,59
Vampires vs. the Bronx,2020,13+,59
Rocko's Modern Life: Static Cling,2019,7+,59
Dragonheart: Vengeance,2020,13+,59
Anthony Jeselnik: Fire in the Maternity Ward,2019,18+,59
All Together Now,2020,7+,59
Bullet Head,2017,18+,59
By the Sea,2015,18+,59
The Darkness,2016,13+,59
The Present,2020,13+,59
Unknown Origins,2020,18+,59
Skins,2017,18+,59
Dil Dhadakne Do,2015,13+,59
Revolt,2017,18+,59
Ronny Chieng: Asian Comedian Destroys America!,2019,18+,59
365 Days,2020,18+,59
Starship Troopers: Traitor of Mars,2017,18+,59
Shéhérazade,2018,18+,59
Jack Whitehall: At Large,2017,18+,59
The Lost Husband,2020,13+,59
An Evening with Beverly Luff Linn,2018,18+,59
The Grizzlies,2019,18+,59
Bayonet,2018,18+,59
ReMastered: The Two Killings of Sam Cooke,2019,18+,59
Michael Che Matters,2016,18+,59
The Most Assassinated Woman in the World,2018,18+,58
Jim Jefferies: This Is Me Now,2018,18+,58
Iron Sky: The Coming Race,2019,18+,58
Curtiz,2018,18+,58
First Kill,2017,18+,58
The World Is Yours,2018,18+,58
Small Crimes,2017,18+,58
Offering to the Storm,2020,18+,58
Katherine Ryan: In Trouble,2017,18+,58
Burning Cane,2019,18+,58
Jailbreak,2017,18+,58
Lu Over the Wall,2017,7+,58
Love Jacked,2018,13+,58
Strange But True,2019,13+,58
Keith Richards: Under the Influence,2015,7+,58
The Late Bloomer,2016,18+,58
Rock the Kasbah,2015,18+,58
Death Race: Beyond Anarchy,2018,18+,58
We Summon the Darkness,2019,18+,58
Pokémon: Mewtwo Strikes Back - Evolution,2019,7+,58
Ride Like a Girl,2019,7+,58
The Saint,2017,13+,58
Coven,2020,18+,58
Godzilla: City on the Edge of Battle,2018,13+,58
End Game,2018,7+,58
Trolls Holiday,2017,7+,58
The Keeping Hours,2017,13+,58
Piercing,2018,18+,58
Mission Control: The Unsung Heroes of Apollo,2017,7+,58
The Man Without Gravity,2019,16+,58
Truth or Dare,2017,16+,58
Mucho Mucho Amor: The Legend of Walter Mercado,2020,16+,58
The Decline,2020,18+,58
Rocky Handsome,2016,18+,58
Ladies First,2017,all,58
"Hello, Love, Goodbye",2019,7+,58
Mascots,2016,18+,57
Canvas,2020,all,57
Eric Andre: Legalize Everything,2020,18+,57
Jim Gaffigan: Cinco,2017,16+,57
Pachamama,2018,7+,57
"I Love You, Stupid",2020,18+,57
Ari Eldjárn: Pardon My Icelandic,2020,18+,57
The Black Godfather,2019,18+,57
Killing Gunther,2017,18+,57
Dilwale,2015,7+,57
Mubarakan,2017,13+,57
Take Me,2017,18+,57
The Young Messiah,2016,13+,57
Point Blank,2019,18+,57
Fatima,2020,13+,57
A Cinderella Story: Christmas Wish,2019,7+,57
Ready to Mingle,2019,18+,57
Battle,2018,18+,57
Girl on the Third Floor,2019,18+,57
Indian Horse,2018,13+,57
All My Friends Are Dead,2020,18+,57
The Warning,2018,18+,57
Joy,2018,18+,57
Bert Kreischer: The Machine,2016,18+,57
Sour Apples,2016,7+,57
The Legend of Cocaine Island,2018,18+,57
Adú,2020,18+,57
Step Sisters,2018,13+,57
Naked,2017,16+,57
Animal Crackers,2020,7+,57
American Pie Presents: Girls' Rules,2020,18+,57
Candy Jar,2018,13+,57
Hunterrr,2015,18+,57
A California Christmas,2020,13+,57
XOXO,2016,18+,57
3022,2019,18+,57
Tremors: Shrieker Island,2020,13+,57
I Am Woman,2020,18+,57
The Outcasts,2017,13+,57
Desperados,2020,18+,57
Made You Look: A True Story About Fake Art,2020,18+,57
Ben Platt: Live from Radio City Music Hall,2020,7+,57
The Princess Switch: Switched Again,2020,all,57
Angela's Christmas,2017,all,57
Fun Mom Dinner,2017,18+,57
Dog Gone Trouble,2019,7+,57
Raising the Bar,2017,7+,57
Tall Girl,2019,7+,57
Gridlocked,2016,18+,56
Special Correspondents,2016,13+,56
Charming,2018,all,56
Njan Prakashan,2018,all,56
Sniper: Ghost Shooter,2016,18+,56
1898: Our Last Men in the Philippines,2016,13+,56
What Lies Below,2020,18+,56
Kevin Hart: Zero F**ks Given,2020,18+,56
The Irishman: In Conversation,2019,18+,56
Tigertail,2020,7+,56
Wild Oats,2016,13+,56
Revenger,2018,18+,56
Jim Jefferies: Intolerant,2020,18+,56
Birdshot,2017,18+,56
Jimmy Carr: The Best of Ultimate Gold Greatest Hits,2019,18+,56
Mr. Roosevelt,2017,18+,56
Let It Fall: Los Angeles 1982-1992,2017,18+,56
Godzilla: The Planet Eater,2018,7+,56
Walt Disney Animation Studios Short Films Collection,2015,all,56
Death of Me,2020,18+,56
School Life,2019,18+,56
Await Further Instructions,2018,18+,56
Cadaver,2020,18+,56
Results,2015,18+,56
The Long Dumb Road,2018,18+,56
Amy Schumer: Growing,2019,18+,56
Debt Collectors,2020,18+,56
Sebastian Maniscalco: Why Would You Do That?,2016,16+,56
Ordinary People,2016,18+,56
Bigfoot Family,2020,7+,56
Iliza Shlesinger: Freezing Hot,2015,18+,56
The Legacy of a Whitetail Deer Hunter,2018,16+,56
How to Get Over a Breakup,2018,18+,56
Between Worlds,2018,18+,56
Sillu Karupatti,2019,all,56
Jiu Jitsu,2020,18+,56
The Last Laugh,2019,18+,56
The Same Blood,2019,18+,55
Nigerian Prince,2018,18+,55
Iliza Shlesinger: Confirmed Kills,2016,18+,55
An Ordinary Man,2018,18+,55
The Silence of the Marsh,2019,18+,55
MFKZ,2018,18+,55
The Most Hated Woman in America,2017,18+,55
Fireworks,2017,13+,55
My Little Pony: Equestria Girls - Legend of Everfree,2016,all,55
Wedding Unplanned,2017,16+,55
Banana Split,2018,18+,55
Hannibal Buress: Comedy Camisado,2016,18+,55
Father of the Year,2018,16+,55
Doom: Annihilation,2019,18+,55
Legends of the Hidden Temple,2016,7+,55
Patrick,2018,16+,55
Jarhead: Law of Return,2019,18+,55
The Clapper,2018,18+,55
Force 2,2016,7+,55
Jab Harry Met Sejal,2017,7+,55
Whose Streets?,2017,18+,55
The Scorpion King: Book of Souls,2018,13+,55
Sextuplets,2019,16+,55
Jem and the Holograms,2015,7+,55
Gabriel Iglesias: One Show Fits All,2019,16+,55
Luciano Mellera: Infantiloide,2018,13+,55
Menashe,2017,7+,55
Mercy Black,2019,16+,55
The Warriors Gate,2016,13+,55
Sebastian Maniscalco: Stay Hungry,2019,18+,55
Garfunkel and Oates: Trying to be Special,2016,18+,55
Travis Scott: Look Mom I Can Fly,2019,18+,55
Fire in Paradise,2019,18+,55
Half Girlfriend,2017,7+,55
Shaun the Sheep: The Farmer's Llamas,2015,all,55
I See You,2017,7+,55
Girls und Panzer: The Movie,2015,16+,55
Septembers of Shiraz,2015,13+,55
The Ruthless,2019,18+,55
Dave Chappelle: The Kennedy Center Mark Twain Prize,2020,18+,55
Kidnapping Stella,2019,18+,55
The Stand In,2020,18+,55
Nothing to Lose,2018,7+,55
The Resurrection of Gavin Stone,2017,7+,55
The Black Prince,2017,13+,55
Jeff Dunham: Beside Himself,2019,18+,55
Happy Anniversary,2018,18+,55
Elisa & Marcela,2019,18+,55
Patton Oswalt: Talking for Clapping,2016,18+,55
Twin Murders: The Silence of the White City,2019,18+,54
The Wedding Party,2016,13+,54
Torbaaz,2020,18+,54
Badland,2019,13+,54
Psycho,2020,18+,54
Brothers,2015,13+,54
The Lift Boy,2019,18+,54
We Can Be Heroes,2020,7+,54
Close Enemies,2018,18+,54
Maria,2019,18+,54
Drunk Parents,2019,18+,54
Iliza Shlesinger: Unveiled,2019,18+,54
Greg Davies: You Magnificent Beast,2018,18+,54
Freaks – You're One of Us,2020,18+,54
Rocco,2016,18+,54
My Little Pony: Equestria Girls - Forgotten Friendship,2018,all,54
Jeff Dunham: Unhinged in Hollywood,2015,7+,54
Oprah Winfrey Presents: When They See Us Now,2019,16+,54
Only,2020,all,54
Juanita,2019,18+,54
A Grand Night In: The Story of Aardman,2015,7+,54
Sister Cities,2016,16+,54
The Lovers,2017,18+,54
Christmas with a View,2018,7+,54
The Lion Woman,2016,18+,54
Dolly Parton: Here I Am,2019,16+,53
Dude,2018,18+,53
LEGO Marvel Super Heroes: Avengers Reassembled!,2015,7+,53
LEGO Jurassic World: The Indominus Escape,2016,7+,53
S.W.A.T.: Under Siege,2017,18+,53
Backdraft 2,2019,18+,53
Sahara,2017,7+,53
Muramba,2017,7+,53
Yeh Ballet,2020,13+,53
Cut Throat City,2020,18+,53
Anelka: Misunderstood,2020,16+,53
One Day We'll Talk About Today,2020,all,53
Chris Tucker Live,2015,18+,53
93 Days,2016,7+,53
Dharam Sankat Mein,2015,13+,53
Class of '83,2020,16+,53
Duck Duck Goose,2018,7+,53
Very Big Shot,2015,18+,53
Dolly Parton's Christmas on the Square,2020,7+,53
Chris D'Elia: Incorrigible,2015,18+,53
Carmen Sandiego: To Steal or Not to Steal,2020,7+,53
Seven Sundays,2017,7+,53
Girlfriend's Day,2017,18+,53
Seven in Heaven,2018,13+,53
Cracked Up: The Darrell Hammond Story,2019,18+,53
Father Soldier Son,2020,18+,53
NiNoKuni,2019,16+,53
Perdida,2018,18+,53
Battle Drone,2018,13+,53
"Colin Quinn: Red State, Blue State",2019,16+,53
"Liar, Liar, Vampire",2015,all,53
Hard Kill,2020,18+,53
One-Way to Tomorrow,2020,18+,53
Villain,2020,18+,52
Bethany Hamilton: Unstoppable,2019,7+,52
Midnight at the Magnolia,2020,all,52
J.T. LeRoy,2019,18+,52
A Very Country Christmas,2017,all,52
Walk. Ride. Rodeo.,2019,7+,52
In the Shadow of Iris,2016,18+,52
Russell Howard: Recalibrate,2017,18+,52
ABCD 2,2015,7+,52
Yol Arkadaşım,2017,13+,52
Barbie: Dolphin Magic,2017,all,52
Secret Obsession,2019,13+,52
Everything About Her,2016,7+,52
Sara's Notebook,2018,18+,52
Jeff Dunham: Relative Disaster,2017,18+,52
Day of the Dead: Bloodline,2017,18+,52
You Get Me,2017,18+,52
Love Wedding Repeat,2020,18+,52
Woody Woodpecker,2017,7+,52
Cities of Last Things,2018,18+,52
Vir Das: For India,2020,18+,52
The Con Is On,2018,18+,52
Kara Bela,2015,13+,52
Generation Iron 2,2017,13+,52
Abzurdah,2015,13+,52
A New York Christmas Wedding,2020,18+,52
The Beginning of Life,2016,all,52
Pottersville,2017,13+,52
Barcelona: A Love Untold,2016,7+,52
Toro,2016,13+,52
Christmas Wedding Planner,2017,7+,52
The Strange House,2020,18+,52
Temple,2017,18+,52
MILF,2018,18+,52
When Angels Sleep,2018,18+,52
The 2nd,2020,16+,52
Welcome to Sudden Death,2020,18+,52
Gad Elmaleh: American Dream,2018,16+,51
Love Beats Rhymes,2017,18+,51
Strange Weather,2016,18+,51
Darc,2018,18+,51
Goyo: The Boy General,2018,16+,51
Escape from Mr. Lemoncello's Library,2017,all,51
Jungle Beat: The Movie,2020,all,51
What We Wanted,2020,18+,51
Jim Norton: Mouthful of Shame,2017,18+,51
Michael McIntyre: Showman,2020,18+,51
Ali Baba and the 7 Dwarfs,2015,13+,51
Let's Dance,2019,18+,51
Lady Driver,2020,7+,51
Sarah Cooper: Everything's Fine,2020,18+,51
Jacob's Ladder,2019,18+,51
Guest House,2020,18+,51
Black Beach,2020,18+,51
Judwaa 2,2017,16+,51
Roped,2020,7+,51
Yol Arkadaşım 2,2018,13+,51
Hulk: Where Monsters Dwell,2016,7+,51
Arctic Dogs,2019,7+,51
DNA,2020,18+,51
Husband Factor: Resurrection,2015,7+,51
The Stolen,2017,16+,51
Eddie: Strongman,2015,16+,51
Gnome Alone,2017,7+,51
A Kid from Coney Island,2019,18+,51
"Ken Jeong: You Complete Me, Ho",2019,18+,51
You're My Boss,2015,7+,51
Sen Kiminle Dans Ediyorsun?,2017,13+,51
Miss Virginia,2019,16+,51
Kevin James: Never Don't Give Up,2018,7+,51
Coffee & Kareem,2020,18+,51
Only Mine,2019,16+,51
Tiffany Haddish: She Ready! From the Hood to Hollywood!,2017,18+,50
Pets United,2019,7+,50
DeRay Davis: How to Act Black,2017,7+,50
ReMastered: Massacre at the Stadium,2019,18+,50
Expedition Happiness,2017,all,50
Deuces,2017,18+,50
"My Teacher, My Obsession",2018,16+,50
Michelle Buteau: Welcome to Buteaupia,2020,18+,50
The Ronda Rousey Story: Through My Father's Eyes,2019,18+,50
Frank and Cindy,2015,18+,50
Marlon Wayans: Woke-ish,2018,18+,50
Drive,2019,13+,50
Rebirth,2016,18+,50
All I Wish,2018,18+,50
Tini: The New Life of Violetta,2016,all,50
Seriously Single,2020,18+,50
Killing Hasselhoff,2017,18+,50
Air Strike,2018,18+,50
The Mansion,2017,13+,50
God Bless the Broken Road,2018,7+,50
Cops and Robbers,2020,13+,50
Asphalt Burning,2020,16+,50
Friendsgiving,2020,18+,50
Sarvam Thaala Mayam,2019,7+,50
Rory Scovel Tries Stand-Up for the First Time,2017,18+,50
Clive Davis: The Soundtrack of Our Lives,2017,13+,50
Puerto Ricans in Paris,2015,18+,50
"Oh, Ramona!",2019,18+,50
Jeremiah Tower: The Last Magnificent,2016,18+,50
Intuition,2020,18+,50
Kevin Hart's Guide to Black History,2019,7+,50
The Stand at Paxton County,2020,18+,50
My Perfect Romance,2018,13+,50
Cemara's Family,2019,all,50
Tales from the Hood 2,2018,18+,50
Despite Everything,2019,18+,50
Grand-Daddy Day Care,2019,13+,50
Elliot: The Littlest Reindeer,2018,7+,49
Sila Samayangalil,2016,16+,49
The B-Side: Elsa Dorfman's Portrait Photography,2017,18+,49
London Heist,2017,18+,49
Uriyadi 2,2019,all,49
Zindagi Kitni Haseen Hay,2016,all,49
Dead Again in Tombstone,2017,18+,49
Picture a Scientist,2020,13+,49
Christmas Catch,2018,7+,49
Dead Kids,2019,18+,49
Bygones Be Bygones,2017,13+,49
Puss in Book: Trapped in an Epic Tale,2017,all,49
The Next Skin,2016,18+,49
Shawn Mendes: In Wonder,2020,18+,49
Lowriders,2017,13+,49
The Brave,2019,18+,49
Lang Tong,2015,18+,49
Growing Up Wild,2016,all,49
Wedding Association 2: Circumcision,2015,13+,49
The Journey Is the Destination,2016,18+,49
Dolly Kitty and Those Twinkling Stars,2019,18+,49
Rock my Heart,2017,7+,49
Adam Devine: Best Time of Our Lives,2019,13+,49
Todd Barry: Spicy Honey,2017,16+,49
Joe Mande's Award-Winning Comedy Special,2017,18+,49
Back to School,2019,18+,49
Under the Riccione Sun,2020,18+,49
Norman Lear: Just Another Version of You,2016,13+,49
Maria Bamford: Old Baby,2017,18+,49
Christmas with a Prince,2018,7+,49
Barbie: Princess Adventure,2020,all,49
Swiped,2018,16+,48
Pinky Memsaab,2018,7+,48
Thi Mai,2018,16+,48
The F**k-It List,2020,18+,48
"Yours Sincerely, Kanan Gill",2020,18+,48
John Henry,2020,18+,48
Tiffany Haddish: Black Mitzvah,2019,18+,48
Spivak,2018,18+,48
The Last Thing He Wanted,2020,18+,48
Kathleen Madigan: Bothering Jesus,2016,18+,48
Paradise Beach,2019,18+,48
Chris D'Elia: Man on Fire,2017,18+,48
Coin Heist,2017,7+,48
Dance Dreams: Hot Chocolate Nutcracker,2020,all,48
ReMastered: The Lion's Share,2019,13+,48
Holiday Rush,2019,7+,48
Pulang,2018,16+,48
Woodshock,2017,18+,48
Husband Factor,2015,13+,48
A Second Chance: Rivals!,2019,7+,48
Unexpectedly Yours,2017,16+,48
Locksmith’s Debt,2016,13+,47
Sofía Niño de Rivera: Exposed,2016,18+,47
"Love, Surreal and Odd",2017,all,47
Shawn Mendes: Live in Concert,2020,7+,47
#FriendButMarried 2,2020,16+,47
Marvel Super Hero Adventures: Frost Fight!,2015,7+,47
Nasha Natasha,2020,7+,47
Carlos Ballarta: Furia Ñera,2018,18+,47
Kenny Sebastian: The Most Interesting Person in the Room,2020,18+,47
Ghost of the Mountains,2017,all,47
Vir Das: Losing It,2018,13+,47
So Much Love to Give,2020,16+,47
Wish Upon a Unicorn,2020,7+,47
Kuntilanak,2018,16+,47
Vaya,2017,18+,47
The Open House,2018,18+,47
Hikaru Utada Laughter in the Dark Tour 2018,2019,all,47
A Remarkable Tale,2019,7+,47
Unbridled,2018,13+,47
Justine,2019,18+,47
Sofía Niño de Rivera: Natural Selection,2018,18+,46
So My Grandma's a Lesbian!,2020,18+,46
Benchwarmers 2: Breaking Balls,2019,13+,46
"Ram Dass, Going Home",2017,13+,46
Dedemin Fişi,2016,7+,46
Bombay Rose,2019,13+,46
The Influence,2019,18+,46
LEGO Marvel Spider-Man: Vexed By Venom,2019,7+,46
The World We Make,2019,7+,46
Going for Gold,2018,all,46
Kiss of Life,2015,all,46
Cristela Alonzo: Lower Classy,2017,18+,46
Dragons: Rescue Riders: Secrets of the Songwing,2020,all,46
Patria,2019,18+,46
The 3rd Eye,2017,18+,46
Fatal Affair,2020,16+,46
Earth and Blood,2020,18+,46
Seth Rogen's Hilarity for Charity,2018,18+,46
Alelí,2019,18+,46
The Panti Sisters,2019,13+,46
Forgive Us Our Debts,2018,18+,46
True: Grabbleapple Harvest,2019,all,46
Good Sam,2019,7+,46
#cats_the_mewvie,2020,16+,46
My Little Pony: Equestria Girls - Rollercoaster of Friendship,2018,all,46
A Chaster Marriage,2016,13+,46
The Last Days of American Crime,2020,18+,46
Hawaizaada,2015,7+,46
All the Freckles in the World,2019,16+,46
I'm Leaving Now,2019,18+,46
Mike Epps: Only One Mike,2019,16+,46
Tarung Sarung,2020,16+,46
The Russian Revloution,2017,16+,45
Wheels of Fortune,2020,18+,45
Boi,2019,18+,45
Born Racer,2018,18+,45
I Am Vengeance: Retaliation,2020,18+,45
MindGamers,2015,18+,45
Thiago Ventura: POKAS,2020,18+,45
Catching Feelings,2017,18+,45
Handsome: A Netflix Mystery Movie,2017,16+,45
48 Christmas Wishes,2017,all,45
Leyla Everlasting,2020,18+,45
Amy Schumer: The Leather Special,2017,18+,45
Shaandaar,2015,13+,45
The Little Switzerland,2019,13+,45
Dragons: Rescue Riders: Hunt for the Golden Dragon,2020,all,45
Beauty and the Bestie,2015,16+,45
"To Each, Her Own",2018,18+,45
Women of Mafia 2,2019,18+,45
Düğüm Salonu,2018,all,45
Judge Singh LLB,2015,all,44
The (Silent) War,2019,18+,44
Cook Off,2017,18+,44
Poster Boys,2017,13+,44
The Road to El Camino: Behind the Scenes of El Camino: A Breaking Bad Movie,2019,13+,44
Sugar High,2020,all,44
Franco Escamilla: bienvenido al mundo,2019,18+,44
Larry The Cable Guy: Remain Seated,2020,18+,44
Rafinha Bastos: Ultimatum,2018,18+,44
Mutiny of the Worker Bees,2020,18+,44
Fantastica,2018,all,44
Vir Das: Abroad Understanding,2017,18+,44
Deliha 2,2018,all,44
Kiss and Cry,2017,13+,44
Hometown Holiday,2018,7+,44
The Massively Mixed-Up Middle School Mystery,2015,all,44
Rogue Warfare,2019,18+,44
Story of Kale: When Someone's in Love,2020,18+,44
Holly Star,2018,7+,44
The Insomnia Club,2018,13+,44
Arctic Heart,2016,16+,44
Ma Rainey's Black Bottom: A Legacy Brought to Screen,2020,7+,43
Pretty Little Stalker,2018,16+,43
Souk Bazaar,2015,7+,43
Edge of Fear,2018,18+,43
Adel Karam: Live from Beirut,2018,18+,43
X: Past Is Present,2015,13+,43
Sethum Aayiram Pon,2019,all,43
Spirit Riding Free: Spirit of Christmas,2019,7+,43
No Place Like Home,2019,16+,43
"Rob Schneider: Asian Momma, Mexican Kids",2020,18+,43
Monster Island,2017,7+,43
Fary Is the New Black,2018,18+,43
Mo Amer: The Vagabond,2018,18+,43
Undercover Brother 2,2019,18+,43
Deviant Love,2019,16+,43
The Royal Hibiscus Hotel,2018,7+,43
Rogue Warfare: Death of a Nation,2020,18+,43
Sylvia,2018,16+,42
True: Happy Hearts Day,2019,all,42
Street Flow,2019,18+,42
All of You,2017,16+,42
Niyazi Gül Dörtnala,2015,7+,42
5 Star Christmas,2018,16+,42
Sebastián Marcelo Wainraich,2018,18+,42
Agustín Aristarán: Soy Rada,2018,18+,42
Good Game: The Beginning,2018,13+,42
Kill Me Twice,2019,16+,42
George Lopez: We'll Do It for Half,2020,18+,42
Dany de Boon - Des Hauts-De-France,2017,18+,42
The Reliant,2019,13+,42
The Wedding Party 2: Destination Dubai,2017,13+,42
Pup Star,2016,all,42
Motor Mitraan Di,2016,all,42
Lilli,2018,18+,42
Fishtronaut: The Movie,2018,all,41
Generasi 90an: Melankolia,2020,13+,41
Khido Khundi,2018,7+,41
Family Blood,2018,18+,41
Daniel Sosa: Maleducado,2019,18+,41
Rogue Warfare: The Hunt,2019,18+,41
Disconnect,2018,18+,41
All Because of You,2020,7+,41
A Go Go Cory Carson Halloween,2020,all,41
Frat Star,2017,18+,41
Pup Star: Better 2Gether,2017,all,41
Feo pero Sabroso,2019,18+,41
Tuna Girl,2019,7+,41
Enissa Amani: Ehrenwort,2018,7+,41
GIMS: On the Record,2020,18+,41
Gadaar: The Traitor,2015,7+,41
"¡Ay, mi madre!",2019,18+,41
¡Asu Mare! 2,2015,18+,41
25 Kille,2016,7+,41
Expedition China,2017,all,40
Merry Men 2: Another Mission,2019,18+,40
Chhota Bheem Kung Fu Dhamaka,2019,all,40
Captain Underpants: Epic Choice-o-rama,2020,7+,40
A Witches' Ball,2017,7+,40
Norm of the North: Keys to the Kingdom,2018,7+,40
Mau Nieto: viviendo sobrio… desde el bar,2018,18+,40
Ricardo Quevedo: Hay gente así,2018,18+,40
The Magic School Bus Rides Again: Kids in Space,2020,all,40
Mike Epps: Don't Take It Personal,2015,18+,40
Ricardo O'Farrill: Abrazo Genial,2016,18+,40
Lock,2016,7+,40
Aditi Mittal: Things They Wouldn't Let Me Say,2017,18+,40
No One Will Ever Know,2018,18+,40
Go! Go! Cory Carson: The Chrissy,2020,all,39
Odu Raja Odu,2018,7+,39
The Magic School Bus Rides Again in the Zone,2020,all,39
Aliens Stole My Body,2020,7+,39
Sat Shri Akaal England,2017,7+,39
The App That Stole Christmas,2020,7+,39
Jo Koy: In His Elements,2020,18+,39
Elevator Baby,2019,18+,39
The Christmas Trap,2017,7+,39
Hope Ranch,2020,all,39
"El Especial de Alex Fernández, el Especial",2017,18+,39
Kaali Khuhi,2020,16+,39
The Breakup Playlist,2015,7+,39
Beat Bugs: All Together Now,2017,all,39
Laatu,2018,7+,39
Tattoo of Revenge,2018,18+,39
A Go! Go! Cory Carson Christmas,2020,all,39
SPF-18,2017,13+,39
Needhi Singh,2016,7+,39
Light in the Dark,2020,16+,39
Pup Star: World Tour,2018,all,38
Bobbleheads: The Movie,2020,7+,38
Cross: Rise of the Villains,2019,18+,38
Nothing to Lose - Part 2,2019,13+,38
The Birth Reborn 3,2018,13+,38
Chocolate City: Vegas Strip,2016,13+,38
Mariah Carey's Merriest Christmas,2015,all,38
Faraar,2015,13+,38
Mr. Chandramouli,2018,18+,38
Dismissal,2017,18+,38
Bir Baba Hindu,2016,13+,38
Uncle Naji in UAE,2019,13+,38
Kanavu Variyam,2017,all,38
An Imperfect Murder,2017,18+,38
Jefe,2018,18+,38
Super Monsters Save Christmas,2019,all,37
The Set Up,2019,18+,37
Mercy,2016,all,37
Kalek Shanab,2019,13+,37
The CEO,2016,13+,37
Coco y Raulito: Carrusel de ternura,2018,13+,37
"Hoshino Gen Dome Tour ""POP VIRUS"" at Tokyo Dome",2019,all,37
Super Monsters: Dia de los Monsters,2020,all,37
Saadey CM Saab,2016,7+,37
The Women Who Kill Lions,2016,13+,37
Fronteras,2020,18+,37
Penalty Kick,2018,13+,36
We Are One,2020,18+,36
Ali and Alia,2019,13+,36
Slow Country,2017,18+,36
True: Winter Wishes,2019,all,36
Prince of Peoria A Christmas Moose Miracle,2018,all,36
The Birth Reborn 2,2018,7+,36
Sommore: The Reign Continues,2015,18+,36
Daniel Sosa: Sosafado,2017,18+,36
Saverio Raimondo: Il Satiro Parlante,2019,13+,36
Puppy Star Christmas,2018,7+,35
DreamWorks Home: For the Holidays,2017,13+,35
Ricardo O'Farrill: Abrazo Navideño,2016,18+,35
Surviving R. Kelly: The Impact,2019,7+,34
Bathinda Express,2016,7+,34
Hajwala 2: Mysterious Mission,2018,13+,34
Lo más sencillo es complicarlo todo,2018,7+,33
Hajwala: The Missing Engine,2016,13+,32
What the Jatt!!,2015,all,32
Freej Al Taibeen,2018,13+,32
Grego Rossello: disculpe las molestias,2019,18+,29
S Storm,2016,13+,29
Har Kisse Ke Hisse Kaamyaab,2020,7+,15
Chhota Bheem Ka Roosi Romanch,2019,all,12
Minding the Gap,2018,18+,90
Parasite,2019,18+,88
Arrival,2016,13+,86
Bohemian Rhapsody,2018,13+,85
Happiest Season,2020,13+,83
Big Time Adolescence,2020,18+,83
The Shape of Water,2017,18+,82
Train to Busan,2016,16+,81
Hell or High Water,2016,18+,81
The Nice Guys,2016,18+,81
Star Trek Beyond,2016,13+,80
Another Round,2020,18+,80
Portrait of a Lady on Fire,2019,18+,80
Palm Springs,2020,18+,79
Rocketman,2019,18+,79
Becoming Bond,2017,18+,78
Booksmart,2019,18+,78
Ghostbusters,2016,13+,78
The Peanut Butter Falcon,2019,13+,78
Silence,2016,18+,77
The Age of Adaline,2015,13+,77
Logan Lucky,2017,13+,77
Fighting With My Family,2019,13+,77
Vice,2018,18+,76
Hostiles,2017,18+,76
Shoplifters,2018,18+,76
Leave No Trace,2018,7+,76
Terminator: Dark Fate,2019,18+,76
Bombshell,2019,18+,76
Hotel Mumbai,2019,18+,75
The Wailing,2016,18+,75
Eye in the Sky,2015,18+,75
The Upside,2019,13+,75
Papillon,2017,18+,75
Run,2020,13+,74
Dumb: The Story of Big Brother Magazine,2017,18+,74
Lights Out,2016,13+,74
The Croods 2,2020,7+,73
Sorry to Bother You,2018,18+,73
The House That Jack Built,2018,18+,73
The Guilty,2018,18+,73
Storks,2016,7+,73
Gemini Man,2019,13+,73
Abominable,2019,7+,73
Crawl,2019,18+,72
American Animals,2018,18+,72
Bill & Ted Face the Music,2020,7+,72
The Sisters Brothers,2018,18+,72
The Mountain Between Us,2017,13+,72
March of the Penguins 2,2017,7+,72
Graduation,2016,18+,72
Love & Mercy,2015,13+,71
The Nightingale,2018,18+,71
If Beale Street Could Talk,2018,18+,71
Saint Maud,2019,18+,71
Judy,2019,13+,71
Colossal,2017,18+,71
Sputnik,2020,18+,70
Ingrid Goes West,2017,18+,70
Possessor Uncut,2020,18+,70
47 Meters Down,2017,13+,69
Florence Foster Jenkins,2016,13+,69
The 33,2015,13+,69
Trolls World Tour,2020,7+,69
The Biggest Little Farm,2019,7+,69
Cartel Land,2015,18+,69
Pet Sematary,2019,18+,68
Border,2018,18+,68
The Art of Self-Defense,2019,18+,68
Missing Link,2019,7+,68
Dora and the Lost City of Gold,2019,7+,68
Marrowbone,2017,18+,68
The Addams Family,2019,7+,68
Antebellum,2020,18+,67
I Feel Pretty,2018,13+,67
Child's Play,2019,18+,67
The Hustle,2019,13+,67
Ammonite,2020,18+,67
Derek DelGaudio's In & of Itself,2020,13+,67
High-Rise,2015,18+,67
"Where'd You Go, Bernadette",2019,13+,67
Borg vs McEnroe,2017,18+,67
A Hologram for the King,2016,18+,67
Destroyer,2018,18+,66
The Assistant,2020,18+,66
Spare Parts,2015,13+,66
Spontaneous,2020,18+,66
My Friend Dahmer,2017,18+,66
AKA Jane Roe,2020,18+,66
Grandma,2015,18+,66
Rebel in the Rye,2017,13+,66
Beirut,2018,18+,66
Sword Art Online: The Movie - Ordinal Scale,2017,13+,66
Wild Rose,2019,18+,66
Trial by Fire,2019,18+,66
Pan,2015,7+,66
McQueen,2018,18+,66
Don't Think Twice,2016,18+,66
Active Measures,2018,13+,66
Second Act,2018,13+,66
How to Train Your Dragon: Homecoming,2019,7+,65
The World to Come,2020,18+,65
"Hello, My Name Is Doris",2015,18+,65
Ben Is Back,2018,18+,65
Gretel & Hansel,2020,13+,65
Monster Trucks,2016,7+,65
The Quake,2018,13+,65
The Man Who Invented Christmas,2017,7+,65
Monos,2019,18+,65
Hearts Beat Loud,2018,13+,65
We Are Freestyle Love Supreme,2020,18+,64
Blair Witch,2016,18+,64
The Rhythm Section,2020,18+,64
A Beautiful Planet,2016,all,64
Amazing Grace,2018,all,64
Luce,2019,18+,64
I Still Believe,2020,7+,64
Southbound,2015,18+,64
Lo and Behold: Reveries of the Connected World,2016,13+,64
Lords of Chaos,2018,18+,64
Sweet Virginia,2017,18+,64
Shirley,2020,18+,64
The Little Hours,2017,18+,64
Assassination Nation,2018,18+,64
Totally Under Control,2020,16+,64
31,2016,18+,64
Once Upon a Time in Venice,2017,18+,63
Brian Banks,2019,13+,63
Hail Satan?,2019,18+,63
Aniara,2019,18+,63
Beach Rats,2017,18+,63
The Hero,2017,18+,63
The Postcard Killings,2020,18+,63
High Strung,2016,all,63
Chappaquiddick,2018,13+,63
Angel of Mine,2019,18+,63
Southside with You,2016,13+,63
Band Aid,2017,18+,63
Moffie,2020,18+,63
I Am Greta,2020,16+,63
Flower,2017,18+,62
Villains,2019,18+,62
The Kid,2019,18+,62
The Beach Bum,2019,18+,62
2067,2020,16+,62
Daphne,2017,18+,62
Tragedy Girls,2017,18+,62
The Man Who Killed Hitler and Then the Bigfoot,2019,18+,62
Vox Lux,2018,18+,62
The Binge,2020,18+,62
Support the Girls,2018,18+,62
Middle School: The Worst Years of My Life,2016,7+,62
The Courier,2019,18+,61
The Festival,2018,18+,61
Here to be Heard: The Story of The Slits,2018,13+,61
68 Kill,2018,18+,61
Batman & Bill,2017,16+,61
The Tax Collector,2020,18+,61
Ode to Joy,2019,18+,61
The China Hustle,2018,18+,61
The Cave,2019,13+,61
Time Freak,2018,13+,61
Eliminators,2016,18+,61
Wild Mountain Thyme,2020,13+,61
Save Yourselves!,2020,18+,61
Spinning Man,2018,18+,61
Skate Kitchen,2018,18+,60
Margarita with a Straw,2015,13+,60
Clemency,2019,18+,60
Books of Blood,2020,18+,60
The Secret Garden,2020,7+,60
Waiting for the Barbarians,2019,16+,60
Teen Spirit,2019,13+,60
Ordinary Love,2019,18+,60
Dog Days,2018,7+,60
The Miracle Season,2018,7+,60
Too Funny to Fail: The Life & Death of The Dana Carvey Show,2017,18+,60
Rams,2020,13+,60
Primal,2019,18+,60
Grand Isle,2019,18+,59
Little Woods,2019,18+,59
The Layover,2017,18+,59
Tesla,2020,13+,59
Running with the Devil,2019,18+,59
You Cannot Kill David Arquette,2020,18+,59
100% Wolf,2020,7+,59
Overdrive,2017,13+,59
Priceless,2016,13+,59
The Doorman,2020,18+,59
Almost Adults,2016,16+,59
Bull,2020,18+,58
The Fight,2020,13+,58
Sold,2016,13+,58
Crypto,2019,18+,58
The Panama Papers,2018,13+,58
A Kind of Murder,2016,18+,58
The Other Lamb,2020,18+,58
Ozzy,2016,all,58
Once Were Brothers: Robbie Robertson and The Band,2020,18+,58
Digging for Fire,2015,18+,58
Stonewall,2015,18+,57
Ma Ma,2015,18+,57
Racer and the Jailbird,2017,18+,57
Henry Gamble's Birthday Party,2015,18+,57
Non-Fiction,2018,18+,57
100 Streets,2016,18+,57
Body Cam,2020,18+,57
Gundala,2019,16+,57
XX,2017,18+,57
Rebuilding Paradise,2020,13+,57
Valley Girl,2020,13+,57
The Feels,2017,18+,57
Rogue,2020,18+,57
Damsel,2018,18+,57
Astro Kid,2019,7+,56
Superpower Dogs,2019,all,56
The First Monday in May,2016,13+,56
Monsters and Men,2018,18+,56
Sea of Shadows,2019,13+,56
Bad Reputation,2018,18+,56
A Nice Girl Like You,2020,18+,56
Vault,2019,18+,56
Gemini,2017,18+,55
Detective Dee: The Four Heavenly Kings,2018,18+,55
Amulet,2020,18+,55
Kindergarten Cop 2,2016,13+,55
Donnybrook,2019,18+,55
An Acceptable Loss,2019,18+,55
Take Every Wave: The Life of Laird Hamilton,2018,7+,55
Notturno,2020,18+,55
Pokémon the Movie: Hoopa and the Clash of Ages,2015,7+,55
The Female Brain,2018,16+,55
Sheep & Wolves,2016,all,55
Legion of Brothers,2017,16+,55
Wander Darkly,2020,18+,55
Wounds,2019,18+,55
Hooking Up,2020,18+,55
Wolves,2016,18+,55
"Nico, 1988",2017,18+,55
Follow Me,2020,18+,55
The Tomorrow Man,2019,13+,54
Wild Nights with Emily,2018,13+,54
R.L. Stine's Monsterville: The Cabinet of Souls,2015,7+,54
The Dinner,2017,18+,54
Before We Vanish,2017,18+,54
Pokémon the Movie: Volcanion and the Mechanical Marvel,2016,7+,54
The Night Watchmen,2017,18+,54
We Die Young,2019,18+,54
Killers Anonymous,2019,18+,54
Intersect,2020,18+,53
Mary,2019,18+,53
Lucky Day,2019,18+,53
The Boy Downstairs,2018,13+,53
The Big Ugly,2020,18+,53
The Roads Not Taken,2020,18+,53
Dragonheart: Battle for the Heartfire,2017,13+,53
It Had to Be You,2016,18+,53
Ismael's Ghosts,2017,18+,53
Mister America,2019,18+,53
This Mountain Life,2018,7+,52
The Hug,2018,13+,52
A Crooked Somebody,2018,18+,52
I Do... Until I Don't,2017,18+,52
Toni Morrison: The Pieces I Am,2019,13+,52
Backtrace,2018,18+,52
Behind You,2020,18+,52
Cruise,2018,18+,52
Run the Race,2019,7+,52
Daphne & Velma,2018,all,52
In Search of Greatness,2018,13+,51
Pooka Lives!,2020,18+,51
Pandas: The Journey Home,2018,all,51
The Brink,2019,18+,51
Nostalgia,2018,18+,51
Red Dog,2019,18+,51
The Time of Their Lives,2017,16+,51
Citizen Soldier,2016,18+,51
Grace Jones: Bloodlight and Bami,2017,7+,51
Body at Brighton Rock,2019,18+,50
The Alchemist Cookbook,2016,18+,50
Blurt!,2018,all,50
Euphoria,2018,18+,50
A Christmas Movie Christmas,2019,all,50
Ghost Team,2016,13+,50
The Gospel According to André,2018,13+,50
Most Likely to Murder,2018,18+,50
Bayou Caviar,2018,18+,49
Shangri-La Suite,2016,16+,49
Christmas on Holly Lane,2018,7+,48
Slay the Dragon,2019,13+,48
After Darkness,2019,18+,48
Supervized,2019,18+,48
The Turkey Bowl,2019,16+,48
Dirt Music,2019,13+,48
Another Time,2018,18+,48
Racetime,2018,7+,48
Hurley,2019,7+,47
Christmas Perfection,2018,7+,47
Mostly Ghostly 3: One Night in Doom House,2016,7+,47
Telescope,2016,7+,47
The Legend of Baron To'a,2020,18+,46
Baby Steps,2015,18+,46
General Commander,2019,18+,46
The Warrior Queen of Jhansi,2019,18+,46
Autonomy,2019,7+,46
Cunningham,2019,7+,45
My Valentine,2020,13+,45
Wetlands,2017,18+,45
Who Let the Dogs Out,2019,13+,44
Get Squirrely,2015,all,44
The Swing of Things,2020,18+,44
Danger Close,2017,16+,44
"Soul on Ice: Past, Present and Future",2017,16+,43
The Dark Side of The Sun,2017,7+,43
12 Pups of Christmas,2019,7+,43
Paws P.I.,2018,7+,43
Boonie Bears: The Big Shrink,2018,7+,43
Deep in Vogue,2019,18+,42
Bernie the Dolphin 2,2019,all,42
Women & Sometimes Men,2017,16+,41
Curious George: Royal Monkey,2019,all,41
This One's for the Ladies,2018,18+,39
The Assault,2017,18+,38
Life Without Basketball,2018,7+,38
Gary Owen: I Agree With Myself,2015,18+,35
Man-Eating Python,2017,16+,31
Honey Boy,2019,18+,89
The Report,2019,18+,89
Borat Subsequent Moviefilm,2020,18+,88
Beautiful Boy,2018,18+,87
Mahanati,2018,7+,86
Knives Out,2019,13+,85
Brittany Runs a Marathon,2019,18+,85
Invisible Life,2019,18+,85
One Child Nation,2019,18+,84
Late Night,2019,18+,84
Blow the Man Down,2019,18+,82
The Handmaiden,2016,18+,81
Manchester by the Sea,2016,18+,81
Midsommar,2019,18+,80
Sound of Metal,2020,18+,80
The Lighthouse,2019,18+,80
The Big Sick,2017,18+,79
Sylvie's Love,2020,13+,78
The Ghazi Attack,2017,7+,77
My Spy,2020,13+,76
The Farewell,2019,7+,76
7500,2019,18+,75
King Lear,2018,16+,75
102 Not Out,2018,7+,75
Trumbo,2015,18+,75
Climax,2018,18+,75
You Were Never Really Here,2017,18+,74
The Lost City of Z,2017,13+,74
Photograph,2019,13+,74
All In: The Fight for Democracy,2020,13+,74
Jungle,2017,18+,74
Guns Akimbo,2020,18+,74
The Little Prince,2015,7+,74
Paterson,2016,18+,73
Time,2020,13+,73
Suspiria,2018,18+,73
Get Duked!,2019,18+,73
Mr. Church,2016,13+,73
Rambo: Last Blood,2019,18+,73
The Salesman,2016,13+,72
Cold War,2018,18+,72
Unhinged,2020,18+,72
Honest Thief,2020,13+,72
Pinocchio,2019,13+,72
The Vast of Night,2020,13+,72
Tiger Zinda Hai,2017,7+,72
Badrinath Ki Dulhania,2017,7+,72
The Dressmaker,2015,18+,72
The Aeronauts,2019,13+,71
Rangasthalam,2018,13+,71
Vivarium,2019,18+,71
The Informer,2019,18+,70
Unsane,2018,18+,70
Tickled,2016,18+,70
The Neon Demon,2016,18+,70
The Last Black Man in San Francisco,2019,18+,70
Becoming Cary Grant,2017,7+,70
Uncle Tom,2020,all,69
Irrational Man,2015,18+,69
Café Society,2016,13+,69
Danger Close: The Battle of Long Tan,2019,18+,69
Unlocked,2017,18+,69
Pawn Sacrifice,2015,13+,69
Uncle Frank,2020,18+,69
A Rainy Day in New York,2019,13+,68
Life in a Year,2020,13+,68
Theeran Adhigaaram Ondru,2017,18+,68
The Lady in the Van,2015,13+,68
Author: The JT LeRoy Story,2016,18+,68
Life Itself,2018,18+,68
An Inspector Calls,2015,7+,68
Archive,2020,18+,68
"Don't Worry, He Won't Get Far on Foot",2018,18+,68
High Life,2018,18+,68
Fathers and Daughters,2015,18+,67
Penguin Highway,2018,7+,67
Bad Samaritan,2018,18+,67
Wiener-Dog,2016,18+,67
Last Flag Flying,2017,18+,67
Macbeth,2015,18+,67
The Goldfinch,2019,18+,67
Absolutely Anything,2015,18+,67
The Silencing,2020,18+,66
Fahrenheit 11/9,2018,18+,66
After Porn Ends 2,2017,18+,66
Words on Bathroom Walls,2020,13+,66
Grease Live,2016,13+,66
Bill Frisell: A Portrait,2017,18+,66
The Souvenir,2019,18+,66
The Blackout,2019,18+,66
Light of My Life,2019,18+,65
Love & Friendship,2016,13+,65
Hell House LLC,2015,18+,65
Arjun Reddy,2017,18+,65
6 Days,2017,18+,65
Seberg,2019,18+,65
Wonder Wheel,2017,13+,65
This Beautiful Fantastic,2016,7+,65
Night Hunter,2019,18+,65
Gringo,2018,18+,65
Jay and Silent Bob Reboot,2019,18+,65
Kabali,2016,18+,65
Brad's Status,2017,18+,65
Radioactive,2020,13+,65
I'm Your Woman,2020,18+,65
T-34,2018,16+,65
Beast,2018,18+,65
Come to Daddy,2020,18+,65
The Program,2015,13+,65
The Night Eats the World,2018,16+,65
OtherLife,2017,18+,65
Troop Zero,2019,7+,64
02:22,2017,13+,64
Guava Island,2019,18+,64
The Secret: Dare to Dream,2020,7+,64
Chemical Hearts,2020,18+,64
24 Hours to Live,2017,18+,64
Regression,2015,18+,64
Detective Byomkesh Bakshy!,2015,18+,64
Marauders,2016,18+,64
Same Kind of Different as Me,2017,13+,64
Look Away,2018,18+,64
The Transporter Refueled,2015,13+,64
Mortal,2020,18+,64
One Step Behind the Seraphim,2017,13+,63
Arkansas,2020,18+,63
USS Indianapolis: Men of Courage,2016,18+,63
Black Butterfly,2017,18+,63
Gleason,2016,18+,63
47 Meters Down: Uncaged,2019,13+,63
A Girl Like Her,2015,13+,63
Gloria Bell,2019,18+,63
Cold Skin,2017,16+,63
Kill Me Three Times,2015,18+,63
Wonderstruck,2017,7+,63
The Only Living Boy in New York,2017,18+,63
The Vanishing,2019,18+,62
Manhattan Night,2016,18+,62
Journey's End,2017,18+,62
Pet,2016,18+,62
Bharat Ane Nenu,2018,7+,62
Ashby,2015,18+,62
Janis: Little Girl Blue,2015,18+,62
Billionaire Boys Club,2018,18+,62
Gimme Danger,2016,18+,62
Elvis & Nixon,2016,18+,62
Boy Meets Girl,2015,18+,62
Tumbledown,2015,18+,62
Herself,2020,18+,61
Bleeding Steel,2017,18+,61
Careful What You Wish For,2015,18+,61
The Family Fang,2016,18+,61
Final Score,2018,18+,61
Target Number One,2020,18+,61
Hyena Road,2015,18+,61
King of Thieves,2018,18+,61
The Ones Below,2016,18+,61
Black Box,2020,16+,61
The Kill Team,2019,18+,61
Blackbird,2019,18+,61
Goldstone,2016,18+,61
Never Surrender: A Galaxy Quest Documentary,2019,13+,61
The Healer,2017,18+,61
Super Size Me 2: Holy Chicken!,2019,13+,60
Tracers,2015,13+,60
Monsters of Man,2020,18+,60
Ooops! Noah is Gone...,2015,all,60
Stick Man,2015,all,60
Operation Avalanche,2016,18+,60
A Vigilante,2019,18+,60
The Extraordinary Journey of the Fakir,2018,all,60
The Last King,2016,18+,60
I'll See You in My Dreams,2015,13+,60
Mia and the White Lion,2018,7+,60
Status Update,2018,13+,60
Jimmy O. Yang: Good Deal,2020,18+,60
Oddball,2015,7+,60
Shivaay,2016,13+,60
Home Sweet Hell,2015,18+,60
Siberia,2018,16+,60
Chi-Raq,2015,18+,60
Peterloo,2018,13+,60
The Confirmation,2016,13+,59
Storm Boy,2019,7+,59
Inconceivable,2017,18+,59
The Commune,2016,18+,59
Escape Plan: The Extractors,2019,18+,59
Kill Chain,2020,18+,59
All Nighter,2017,18+,59
Where Hands Touch,2018,13+,59
Escape Plan 2: Hades,2018,18+,59
Project Gutenberg,2018,18+,59
Mara,2018,18+,59
Ae Dil Hai Mushkil,2016,13+,59
Wander,2020,18+,59
Meri Pyaari Bindu,2017,7+,59
Madame,2017,16+,59
Hichki,2018,7+,59
Sui Dhaaga - Made in India,2018,7+,59
Voice from the Stone,2017,18+,59
Accidentally Engaged,2016,7+,59
Joshy,2016,18+,59
Rupture,2016,18+,58
Baar Baar Dekho,2016,7+,58
Being Charlie,2015,18+,58
Creative Control,2016,18+,58
Rendez-Vous,2015,13+,58
Dark River,2018,18+,58
Jiang Ziya: The Legend of Deification,2020,7+,58
Landline,2017,18+,58
Moonwalkers,2015,18+,58
He's Out There,2018,18+,58
Army of One,2016,18+,58
Gotti,2018,18+,58
The Intervention,2016,18+,58
Blue Mountain State: The Rise of Thadland,2016,18+,58
Hostile,2018,18+,58
Never Grow Old,2019,18+,58
Chhalaang,2020,16+,58
Force of Nature,2020,18+,58
Precious Cargo,2016,18+,58
"Tad, the Lost Explorer, and the Secret of King Midas",2017,7+,57
Low Tide,2019,18+,57
Generation Wealth,2018,18+,57
Bravetown,2015,18+,57
Hotel Coolgardie,2016,18+,57
Sometimes Always Never,2019,13+,57
In Dubious Battle,2017,18+,57
Superfast!,2015,13+,57
Exposed,2016,18+,57
Imaikkaa Nodigal,2018,all,57
The Poison Rose,2019,18+,57
Stratton,2017,18+,57
Face 2 Face,2017,18+,57
The Lie,2018,18+,57
Close Encounters of the Fifth Kind,2020,7+,57
Bad Match,2017,18+,56
Despite the Falling Snow,2016,13+,56
Demon House,2018,18+,56
Gascoigne,2015,13+,56
Sarileru Neekevvaru,2020,13+,56
Complete Unknown,2016,18+,56
The Yellow Birds,2017,18+,56
Summer '03,2018,16+,56
Kevin Smith: Silent but Deadly,2018,18+,56
My Blind Brother,2016,18+,56
Abigail,2019,7+,56
Alien Code,2017,7+,56
12 Rounds 3: Lockdown,2015,18+,56
Capone,2020,18+,56
15 Minutes of War,2019,16+,56
Boarding School,2018,18+,56
Crown Heights,2017,18+,56
Prescription Thugs,2016,13+,56
Changeland,2019,18+,55
Think Like a Dog,2020,7+,55
The Glorias,2020,18+,55
Domino,2019,18+,55
The Cleaning Lady,2018,18+,55
Lady Bloodfight,2016,18+,55
Human Flow,2017,13+,55
Kadaikutty Singam,2018,7+,55
Sharknado 3: Oh Hell No!,2015,16+,55
Angel of Christmas,2015,all,55
American Experience: Tesla,2016,7+,55
Pandemic,2020,18+,55
Dirty 30,2016,13+,55
Ava's Possessions,2015,18+,55
The Runner,2015,18+,54
Permission,2018,18+,54
The Fanatic,2019,18+,54
Survive the Night,2020,18+,54
Keith Haring: Street Art Boy,2020,18+,54
Selah and the Spades,2019,18+,54
Ok Jaanu,2017,7+,54
The Snow Queen 3: Fire and Ice,2016,7+,54
Last Rampage,2017,18+,54
Abattoir,2016,18+,54
Urge,2016,18+,54
Running for Grace,2018,16+,54
Black Water,2018,18+,54
Be Somebody,2016,7+,54
Love Everlasting,2016,7+,54
M.O.M. Mothers of Monsters,2020,18+,54
Jack Goes Home,2016,18+,53
Trafficked,2017,18+,53
Gintama,2017,13+,53
Eternal Beauty,2020,18+,53
Wild Horses,2015,18+,53
The Boy from Medellín,2020,18+,53
The Corrupted,2019,18+,53
Broken Vows,2016,18+,53
Once I Was a Beehive,2015,7+,53
Social Animals,2018,18+,53
Primal Rage,2018,18+,53
The Gracefield Incident,2017,13+,53
Green Is Gold,2016,18+,53
Arsenal,2017,18+,53
Survivor's Guide to Prison,2018,18+,53
Sharknado 5: Global Swarming,2017,16+,53
Beyond the Edge,2018,13+,53
In Search of Fellini,2017,18+,53
The Battle Of Chosin,2016,7+,53
The Last Descent,2016,7+,53
More Beautiful for Having Been Broken,2020,7+,53
The Curse of Sleeping Beauty,2016,16+,53
Gnaw,2017,18+,53
Saving Zoë,2019,18+,53
Broil,2020,16+,53
Coming Through the Rye,2016,13+,52
"You, Me and Him",2018,18+,52
The Last Sharknado: It's About Time,2018,16+,52
A Snow Capped Christmas,2016,all,52
Be Afraid,2017,16+,52
The Wedding Year,2019,18+,52
Cezanne and I,2016,18+,52
The True Adventures of Wolfboy,2019,13+,52
Sophie and the Rising Sun,2016,18+,52
TransMilitary,2018,16+,52
Max Cloud,2020,13+,52
RX 100,2018,all,52
Bad Ben,2016,18+,52
Raja the Great,2017,all,52
Four Kids and It,2020,7+,52
Lethal Seduction,2015,16+,52
Bhaagamathie,2018,all,52
Falaknuma Das,2019,18+,52
Night Comes On,2018,18+,52
Andover,2018,16+,52
Betting On The Bride,2017,7+,52
Mully,2015,7+,51
Emma's Chance,2016,7+,51
Beyond the Mask,2015,7+,51
Stealing Cars,2016,18+,51
I Hate Kids,2019,13+,51
When We Last Spoke,2020,7+,51
Satanic,2016,18+,51
Wildflower,2016,13+,51
10 Minutes Gone,2019,18+,51
Fiddler: A Miracle of Miracles,2019,13+,51
Bad Asses on the Bayou,2015,18+,51
Ride The Thunder,2015,13+,51
Big Kill,2019,18+,51
Elsewhere,2020,18+,51
Christmas in Mississippi,2017,7+,51
American Dreamer,2019,18+,51
Vendetta,2015,18+,51
Double Daddy,2015,16+,51
Bad Kids of Crestview Academy,2017,18+,51
Walter,2015,18+,51
Married by Christmas,2016,7+,51
Plug Love,2017,18+,51
Elon Musk: The Real Life Iron Man,2018,7+,51
Albion: The Enchanted Stallion,2016,7+,51
A Cowgirl's Story,2017,7+,51
A Nutcracker Christmas,2016,all,51
See You Soon,2019,18+,50
Mariah Carey's All I Want for Christmas Is You,2017,all,50
Spinster,2020,7+,50
Gehenna: Where Death Lives,2016,18+,50
Trading Paint,2019,18+,50
Befikre,2016,13+,50
Speed Kills,2018,18+,50
Happy Birthday,2016,18+,50
The Legion,2020,18+,50
Field of Lost Shoes,2015,13+,50
Blood Brother,2018,18+,50
Stalked by My Doctor,2015,13+,50
Who Gets the Dog?,2016,7+,50
Britt-Marie Was Here,2019,7+,50
Maya the Bee: The Honey Games,2018,all,50
Hope Lost,2015,18+,50
A Christmas Switch,2018,all,50
The Hollow Child,2018,18+,50
Max Reload and the Nether Blasters,2020,13+,50
Bottom of the 9th,2019,18+,50
Maximum Ride,2016,13+,50
Begum Jaan,2017,18+,50
The Winter Lake,2020,18+,50
Interrogation,2016,18+,50
A Girl Like Grace,2015,13+,50
A Million Happy Nows,2017,16+,49
Meet My Valentine,2015,7+,49
Love & Hostages,2016,18+,49
Romans,2017,18+,49
Tom Papa: Human Mule,2016,16+,49
What Haunts Us,2017,18+,49
The Ultimate Legacy,2015,7+,49
Double Mommy,2016,16+,49
Camp Cool Kids,2017,7+,49
F2: Fun and Frustration,2019,7+,49
Venky Mama,2019,13+,49
Inmate Zero,2020,16+,49
"Love, Kennedy",2017,7+,49
Milton's Secret,2016,7+,49
The Condemned 2,2015,18+,49
Kidnapped: The Hannah Anderson Story,2015,16+,49
Sniper: Special Ops,2016,18+,49
Never Too Late,2020,16+,48
New Life,2016,7+,48
David Cross: Oh Come On,2019,18+,48
Steve-O: Guilty as Charged,2016,18+,48
Beneath The Leaves,2019,18+,48
Halloween Party,2019,16+,48
Brad Williams: Daddy Issues,2016,18+,48
Stalked by My Doctor: The Return,2016,16+,48
She's In Portland,2020,18+,48
Corporate,2017,13+,48
Stalked by My Neighbor,2015,16+,48
730,2015,18+,48
Once is Enough,2020,7+,48
Spark: A Space Tail,2016,7+,48
It's So Easy and Other Lies,2016,18+,48
The Haunting of Sharon Tate,2019,18+,48
Brother Nature,2016,18+,48
Camp Cold Brook,2018,18+,48
Zoombies,2016,16+,48
My Pet Dinosaur,2017,7+,48
Matt Braunger: Big Dumb Animal,2015,18+,48
The Gardener,2017,all,47
The Escape of Prisoner 614,2018,13+,47
Wheeler,2017,7+,47
Close Range,2015,18+,47
A Husband for Christmas,2016,7+,47
Grace,2018,16+,47
Camino,2016,18+,47
Change in the Air,2018,7+,47
4/20 Massacre,2018,18+,47
Toxic Shark,2017,16+,47
A Hitman in London,2015,18+,47
Dwayne Perkins: Take Note,2016,18+,47
Most Likely to Succeed,2019,16+,47
The Great War,2019,18+,47
Margaret Cho: PsyCHO,2015,18+,47
Heartbeats,2017,7+,47
Almost Sunrise,2017,13+,47
Bazodee,2016,13+,47
There Is Many Like Us,2015,13+,47
Never Let Go,2015,18+,47
A World Away,2019,13+,47
Home Sweet Home,2020,7+,47
The Perfect Daughter,2016,16+,47
Hostile Border,2015,18+,46
Brad Williams: Fun Size,2015,18+,46
The Fight Within,2016,13+,46
The Interpreters,2018,13+,46
A Christmas Recipe for Romance,2019,all,46
The Perfect Weapon,2016,13+,46
Bob the Drag Queen: Suspiciously Large Woman,2017,18+,46
Olympia,2018,16+,46
No Greater Love,2017,16+,46
Rapid Response,2019,13+,46
The Wrong Car,2016,13+,46
#Lucky Number,2015,16+,46
Doe,2018,18+,46
The Uncomfortable Truth,2018,13+,46
Come Out Fighting,2016,18+,46
Acquainted,2019,13+,46
Apple of My Eye,2017,7+,46
"Blood, Sand & Gold",2017,16+,46
Anthem of a Teenage Prophet,2019,18+,46
Girlfriends of Christmas Past,2016,all,45
Supercon,2018,18+,45
Saved by Grace,2016,7+,45
A Christmas Princess,2019,7+,45
An English Haunting,2020,13+,45
Out of Liberty,2019,7+,45
Bryan Callen: Never Grow Up,2016,18+,45
Chocolate City,2015,18+,45
What if it Works?,2017,18+,45
Marriage of Lies,2016,7+,45
Casual Encounters,2016,18+,45
Eddie Griffin: Undeniable,2018,7+,45
Drunk Wedding,2015,18+,45
I Am Watching You,2016,16+,45
Dino Dana: The Movie,2020,7+,45
Cabin 28,2017,18+,45
The Delegation,2018,13+,45
No Place to Hide: The Rehtaeh Parsons Story,2015,13+,45
Doubting Thomas,2018,18+,45
The Price of Fame,2017,7+,45
Kaafi Filmy,2019,18+,45
Tone Bell - Can't Cancel This,2019,18+,45
First We Take Brooklyn,2018,18+,45
Shoelaces for Christmas,2018,7+,45
Secrets of Deception,2017,18+,44
"Henry Rollins: Keep Talking, Pal.",2018,18+,44
FANG,2018,18+,44
Beyond Paradise,2015,7+,44
Undercover with the Clerics: Iraq's Secret Sex Trade,2019,13+,44
Rock N' Roll Christmas,2019,7+,44
Two Wrongs,2015,16+,44
One Great Love,2018,13+,44
Howie Mandel Presents Howie Mandel at the Howie Mandel Comedy Club,2019,18+,44
"Remembering Leonard: His Life, Legacy and Battle with COPD",2017,all,44
American Experience: Rachel Carson,2017,7+,44
Boonie Bears: Blast into the Past,2019,7+,44
Raju Gari Gadhi 2,2017,18+,44
Death of a Child,2017,13+,44
A Thousand Junkies,2017,18+,44
Fatal Flip,2015,16+,44
Beast Mode,2020,18+,44
The Legend of Halloween Jack,2018,18+,44
Bear with Us,2016,18+,44
Winter Wedding,2017,7+,44
Remember Pearl Harbor,2016,7+,44
Cold Zone,2017,13+,43
Useless,2020,7+,43
Lavell Crawford: Home for the Holidays,2017,18+,43
Lisa Lampanelli: Back to the Drawing Board,2015,18+,43
Marshall's Miracle,2015,7+,43
Backstabbed,2016,7+,43
Survive The Hollow Shoals,2018,18+,43
Bob Saget: Zero to Sixty,2017,18+,43
False Hopes,2020,7+,43
Stalked by My Doctor: Patient's Revenge,2018,16+,43
Ice Princess Lily,2018,7+,43
I Need You to Kill,2017,18+,43
A Mother's Revenge,2016,16+,43
The Night Is Young,2015,18+,43
Smiley Face Killers,2020,18+,43
The Cat In The Hat Knows A Lot About Halloween!,2016,all,43
Rolling Stone: Life and Death of Brian Jones,2019,13+,43
Agent F.O.X.,2015,all,43
Boyfriend Killer,2017,16+,43
Don't Call Me Bigfoot,2020,7+,43
Andrew Santino: Home Field Advantage,2017,18+,43
Grandma's House,2016,7+,43
For the Love of Jessee,2020,16+,43
Global Meltdown,2017,18+,43
Gina Brillon: The Floor Is Lava,2020,18+,43
By Night's End,2020,18+,43
The First Secret City,2015,7+,43
Roommate Wanted,2015,18+,42
To Catch a Serial Killer with Trevor McDonald,2018,16+,42
Four Enchanted Sisters,2020,7+,42
Secrets,2017,13+,42
Erik Griffin: AmERIKan Warrior,2018,18+,42
Escape and Evasion,2019,16+,42
A Stone in the Water,2019,18+,42
Wild Faith,2017,7+,42
"Angry, White and American",2017,13+,42
Alice Wetterlund: My Mama Is a Human and So Am I,2019,18+,42
Copper Bill,2020,7+,42
The Wrong Babysitter,2017,16+,42
Before Your Time,2017,all,42
Wild Kratts: Creepy Creatures,2018,all,42
Locas por el Cambio,2020,13+,42
Meteor Moon,2020,7+,42
Kaatru Veliyidai,2017,7+,42
Space Dogs: Tropical Adventure,2020,7+,42
Snowbound for Christmas,2019,7+,42
The Devil to Pay,2020,18+,42
Jane and Emma,2018,7+,42
Spirit of the Game,2016,7+,42
Still Today,2020,16+,42
The Man from Kathmandu,2020,13+,41
Warrior Road,2017,18+,41
Forest Fairies,2015,all,41
Black Ballerina,2016,all,41
The Curse of Hobbes House,2020,18+,41
A Promise To Astrid,2019,7+,41
2eleven,2015,18+,41
Alonzo Bodden: Historically Incorrect,2016,18+,41
Hate Story IV,2018,18+,41
Speed Demons,2018,16+,41
Jennifer Aniston: More Than Friends,2020,7+,40
The Horse Dancer,2017,all,40
Ruta Madre,2019,13+,40
Sometimes the Good Kill,2017,16+,40
Christmas Coupon,2019,all,40
Selfie Dad,2020,7+,40
#IMomSoHard Live,2019,18+,40
A Christmas Village,2018,all,40
Righteous Villains,2020,18+,40
Michael Ian Black: Noted Expert,2016,18+,40
Wild Prairie Rose,2016,13+,40
6-Headed Shark Attack,2018,16+,40
The Coming Convergence,2017,18+,40
Hope Dances,2017,7+,39
Wild Kratts: Creatures of the Deep Sea,2016,all,39
Interviewing Monsters and Bigfoot,2020,16+,39
Mary for Mayor,2020,7+,39
E19 Virus,2017,13+,39
Owen Benjamin: Huge Pianist,2018,18+,39
SuperTornado: Anatomy of a MegaDisaster,2015,all,39
Adrift in Soho,2018,all,39
The Underground Sinema,2015,18+,39
"Eriko, Pretended",2018,all,39
Mothers of the Bride,2015,7+,39
Forrest Shaw: Poor Decisions,2018,18+,39
Narco Soldiers,2019,13+,38
Izzie's Way Home,2016,all,38
Where Love Found Me,2016,13+,38
Edison,2015,7+,38
Tammy Pescatelli's Way After School Special,2020,18+,38
The Bone Garden,2016,18+,38
Shannon Street: Echoes Under a Blood Red Moon,2017,18+,38
Last Day of School,2016,18+,38
Tales of Found Footage,2019,18+,38
Binhi: The Seed,2015,13+,38
Blanche,2018,7+,37
Making a Killing,2018,18+,37
The Daniel Tiger Movie: Won't You Be Our Neighbor?,2018,all,37
Red Sea,2016,all,37
The Outdoorsman,2017,13+,37
Porsche: Decades of Disruption,2017,7+,37
Dogged,2017,18+,37
Secondhand Hearts,2017,16+,36
Jugni,2016,7+,36
Assassin's Game,2015,18+,36
First Lady,2020,7+,36
Painter,2020,7+,36
Havens End,2018,18+,36
Finding Jesus,2020,all,36
Before All Others,2016,7+,36
Brent Weinbach: Appealing to the Mainstream,2017,18+,36
Prayer Never Fails,2016,7+,35
The Mason Brothers,2017,18+,35
Sasheer Zamata: Pizza Mind,2017,18+,35
The Cat In The Hat Knows A Lot About Space!,2017,all,34
Drastic Measures,2019,7+,34
Terror at Bigfoot Pond,2020,18+,34
A Box of Faith,2015,all,33
Modern Prodigal,2019,7+,32
Rise Of The Great White Shark,2017,7+,16
Long Live Your Death,2015,18+,16
Avengers: Endgame,2019,13+,90
Avengers: Infinity War,2018,13+,90
Soul,2020,7+,89
Coco,2017,7+,87
Thor: Ragnarok,2017,13+,86
Captain America: Civil War,2016,13+,86
Star Wars: The Force Awakens,2015,13+,86
Rogue One: A Star Wars Story,2016,13+,85
Guardians of the Galaxy Vol. 2,2017,13+,85
Zootopia,2016,7+,85
Doctor Strange,2016,13+,85
Black Panther,2018,13+,84
Avengers: Age of Ultron,2015,13+,84
Ant-Man,2015,13+,84
Moana,2016,7+,83
Hidden Figures,2016,7+,83
Incredibles 2,2018,7+,83
The Greatest Showman,2017,7+,82
Toy Story 4,2019,all,82
Star Wars: The Last Jedi,2017,13+,82
Hamilton,2020,13+,81
Captain Marvel,2019,13+,81
Ant-Man and the Wasp,2018,13+,81
Finding Dory,2016,7+,81
X-Men: Apocalypse,2016,13+,80
Onward,2020,7+,80
Isle of Dogs,2018,13+,80
Solo: A Star Wars Story,2018,13+,79
Ralph Breaks the Internet,2018,7+,79
Black Is King,2020,16+,79
Star Wars: The Rise of Skywalker,2019,13+,78
Frozen II,2019,7+,78
Sanjay's Super Team,2015,7+,78
Pirates of the Caribbean: Dead Men Tell No Tales,2017,13+,78
Free Solo,2018,13+,77
Miss Peregrine's Home for Peculiar Children,2016,13+,76
Togo,2019,7+,76
Cars 3,2017,all,76
Maleficent: Mistress of Evil,2019,7+,76
The Good Dinosaur,2015,7+,75
Christopher Robin,2018,7+,75
Stargirl,2020,7+,74
Eddie the Eagle,2016,13+,74
Before the Flood,2016,7+,74
Piper,2016,all,74
Alice Through the Looking Glass,2016,7+,73
Mary Poppins Returns,2018,7+,73
Timmy Failure: Mistakes Were Made,2020,7+,73
Ferdinand,2017,7+,72
The Finest Hours,2016,13+,72
The Peanuts Movie,2015,all,72
Pete's Dragon,2016,7+,72
Ice Age: Collision Course,2016,all,69
Newsies: The Broadway Musical,2017,7+,69
Bao,2018,all,69
Descendants,2015,all,68
Queen of Katwe,2016,7+,68
Descendants 3,2019,all,67
The One and Only Ivan,2020,7+,67
Descendants 2,2017,all,66
Lou,2017,all,65
Riley's First Date?,2015,all,65
The Nutcracker and the Four Realms,2018,7+,65
The Kid Who Would Be King,2019,7+,64
Kitbull,2019,7+,64
Folklore: The Long Pond Studio Sessions,2020,7+,64
Jane,2017,7+,64
Phineas and Ferb: The Movie: Candace Against the Universe,2020,all,63
Godmothered,2020,7+,63
Inner Workings,2016,all,63
Strange Magic,2015,7+,62
Howard,2018,7+,62
A Wrinkle in Time,2018,7+,62
Olaf's Frozen Adventure,2017,all,62
The Lego Star Wars Holiday Special,2020,all,61
Monkey Kingdom,2015,all,61
Safety,2020,7+,61
Once Upon a Snowman,2020,all,61
"Miraculous World: New York, United HeroeZ",2020,7+,60
Secret Society of Second Born Royals,2020,7+,60
Float,2019,7+,60
Artemis Fowl,2020,7+,60
Born in China,2016,all,60
Clouds,2020,13+,60
Magic Camp,2020,7+,59
Teen Beach 2,2015,all,59
Z-O-M-B-I-E-S,2018,all,59
Tangled: Before Ever After,2017,all,59
Ice Age: The Great Egg-Scapade,2016,7+,59
Burrow,2020,all,58
Invisible Sister,2015,all,58
Purl,2019,7+,58
Black Beauty,2020,7+,58
Diary of a Wimpy Kid: The Long Haul,2017,7+,58
Bad Hair Day,2015,all,57
Z-O-M-B-I-E-S 2,2020,all,57
Out,2020,7+,57
Loop,2020,7+,57
Smash and Grab,2019,7+,56
Penguins,2019,all,56
Upside-Down Magic,2020,all,55
MARS: Inside SpaceX,2018,7+,54
Titanic: 20 Years Later with James Cameron,2017,7+,54
Elephant,2020,all,54
The Real Right Stuff,2020,7+,54
The Little Mermaid Live!,2019,7+,53
Science Fair,2018,7+,52
Into the Grand Canyon,2019,7+,52
Marvel Studios: Expanding the Universe,2019,7+,50
Into the Okavango,2018,7+,50
Gender Revolution: A Journey with Katie Couric,2017,7+,49
Life-Size 2: A Christmas Eve,2018,16+,49
High School Musical: The Musical: The Series: The Special,2019,all,49
Lost on Everest,2020,13+,48
Breaking2,2017,7+,48
Dolphin Reef,2018,all,48
Back To The Titanic,2020,7+,47
Okavango: River of Dreams,2019,7+,47
The Lost Tomb of Alexander the Great,2019,7+,46
Decorating Disney: Holiday Magic,2017,7+,46
In the Footsteps of Elephant,2020,all,45
High School Musical: The Musical: The Holiday Special,2020,all,45
Marvel Rising: Playing with Fire,2019,7+,45
Playdate with Destiny,2020,all,45
Dory's Reef Cam,2020,all,45
Mission to the Sun,2018,7+,44
Marvel Rising: Operation Shuri,2019,7+,44
Lost Temple of The Inca,2020,7+,44
Star Wars: Galaxy's Edge - Adventure Awaits,2019,7+,44
Incredible! The Story of Dr. Pol,2015,7+,43
Drain The Ocean: WWII,2016,7+,43
Expedition Everest,2020,7+,42
Petra: Secrets of the Ancient Builders,2020,all,42
Easter Island Unsolved,2018,7+,42
Blue Ribbon Kids,2016,7+,41
Hamilton: History Has Its Eyes On You,2020,7+,41
Buried Truth of the Maya,2020,7+,40
Oil Spill of The Century,2018,13+,40
Born Wild: The Next Generation,2020,all,38
Arendelle Castle Yule Log,2019,all,38
Giants of the Deep Blue,2017,7+,38
Being the Queen,2020,13+,38
The Lost City of Machu Picchu,2019,13+,38
Tree Climbing Lions,2018,7+,38
Wild Portugal,2020,13+,37
Shark vs. Whale,2020,7+,35
Shark Attack Investigation: The Paige Winter Story,2020,13+,35
Big Sharks Rule,2018,7+,35
Wild Uganda,2018,7+,32
Great Shark Chow Down,2019,7+,14
Texas Storm Squad,2020,13+,14
What the Shark?,2020,13+,14
Women of Impact: Changing the World,2019,7+,10
